{"train/loss": 1.3635, "train/grad_norm": 1.685620665550232, "train/learning_rate": 5e-05, "train/epoch": 2.83, "train/global_step": 6060, "_timestamp": 1714611202.0521653, "_runtime": 4112.643733263016, "_step": 1514}