{"train/loss": 1.7695, "train/grad_norm": 1.0185366868972778, "train/learning_rate": 5e-05, "train/epoch": 2.78, "train/global_step": 5948, "_timestamp": 1714611205.7137506, "_runtime": 4151.2763235569, "_step": 1486}