{"train/loss": 1.5818, "train/grad_norm": 1.5653042793273926, "train/learning_rate": 5e-05, "train/epoch": 5.48, "train/global_step": 11732, "_timestamp": 1714578232.3654628, "_runtime": 7942.7137677669525, "_step": 2932}