{"train/loss": 1.5284, "train/grad_norm": 2.606837749481201, "train/learning_rate": 5e-05, "train/epoch": 2.28, "train/global_step": 4868, "_timestamp": 1714571658.7933567, "_runtime": 3486.9948575496674, "_step": 1216}